year,sector,trq_value,total_value,trq_share
1990,Chemicals & Allied Industries,0.0,0.0,0.0
1990,Foodstuffs,0.0,0.0,0.0
1990,Footwear / Headgear,0.0,0.0,0.0
1990,Machinery / Electrical,0.0,0.0,0.0
1990,Metals,0.0,0.0,0.0
1990,Mineral Products,0.0,0.0,0.0
1990,Miscellaneous,0.0,0.0,0.0
1990,Plastics / Rubbers,0.0,0.0,0.0
1990,"Raw Hides, Skins, Leather, & Furs",0.0,0.0,0.0
1990,Stone / Glass,0.0,0.0,0.0
1990,Textiles,0.0,0.0,0.0
1990,Transportation,0.0,0.0,0.0
1990,Vegetable Products,0.0,0.0,0.0
1990,Wood & Wood Products,0.0,0.0,0.0
1991,Chemicals & Allied Industries,0.0,0.0,0.0
1991,Foodstuffs,0.0,0.0,0.0
1991,Footwear / Headgear,0.0,0.0,0.0
1991,Machinery / Electrical,0.0,0.0,0.0
1991,Metals,0.0,0.0,0.0
1991,Mineral Products,0.0,0.0,0.0
1991,Miscellaneous,0.0,0.0,0.0
1991,Plastics / Rubbers,0.0,0.0,0.0
1991,"Raw Hides, Skins, Leather, & Furs",0.0,0.0,0.0
1991,Stone / Glass,0.0,0.0,0.0
1991,Textiles,0.0,0.0,0.0
1991,Transportation,0.0,0.0,0.0
1991,Vegetable Products,0.0,0.0,0.0
1991,Wood & Wood Products,0.0,0.0,0.0
1992,Chemicals & Allied Industries,0.0,0.0,0.0
1992,Foodstuffs,0.0,0.0,0.0
1992,Footwear / Headgear,0.0,0.0,0.0
1992,Machinery / Electrical,0.0,0.0,0.0
1992,Metals,0.0,0.0,0.0
1992,Mineral Products,0.0,0.0,0.0
1992,Miscellaneous,0.0,0.0,0.0
1992,Plastics / Rubbers,0.0,0.0,0.0
1992,"Raw Hides, Skins, Leather, & Furs",0.0,0.0,0.0
1992,Stone / Glass,0.0,0.0,0.0
1992,Textiles,0.0,0.0,0.0
1992,Transportation,0.0,0.0,0.0
1992,Vegetable Products,0.0,0.0,0.0
1992,Wood & Wood Products,0.0,0.0,0.0
1993,Chemicals & Allied Industries,0.0,0.0,0.0
1993,Foodstuffs,0.0,0.0,0.0
1993,Footwear / Headgear,0.0,0.0,0.0
1993,Machinery / Electrical,0.0,0.0,0.0
1993,Metals,0.0,0.0,0.0
1993,Mineral Products,0.0,0.0,0.0
1993,Miscellaneous,0.0,0.0,0.0
1993,Plastics / Rubbers,0.0,0.0,0.0
1993,"Raw Hides, Skins, Leather, & Furs",0.0,0.0,0.0
1993,Stone / Glass,0.0,0.0,0.0
1993,Textiles,0.0,0.0,0.0
1993,Transportation,0.0,0.0,0.0
1993,Vegetable Products,0.0,0.0,0.0
1993,Wood & Wood Products,0.0,0.0,0.0
1994,Chemicals & Allied Industries,0.0,0.0,0.0
1994,Foodstuffs,0.0,0.0,0.0
1994,Footwear / Headgear,0.0,0.0,0.0
1994,Machinery / Electrical,0.0,0.0,0.0
1994,Metals,0.0,0.0,0.0
1994,Mineral Products,0.0,0.0,0.0
1994,Miscellaneous,0.0,0.0,0.0
1994,Plastics / Rubbers,0.0,0.0,0.0
1994,"Raw Hides, Skins, Leather, & Furs",0.0,0.0,0.0
1994,Stone / Glass,0.0,0.0,0.0
1994,Textiles,0.0,0.0,0.0
1994,Transportation,0.0,0.0,0.0
1994,Vegetable Products,0.0,0.0,0.0
1994,Wood & Wood Products,0.0,0.0,0.0
1995,Chemicals & Allied Industries,0.0,0.0,0.0
1995,Foodstuffs,0.0,0.0,0.0
1995,Footwear / Headgear,0.0,0.0,0.0
1995,Machinery / Electrical,0.0,0.0,0.0
1995,Metals,0.0,0.0,0.0
1995,Mineral Products,0.0,0.0,0.0
1995,Miscellaneous,0.0,0.0,0.0
1995,Plastics / Rubbers,0.0,0.0,0.0
1995,"Raw Hides, Skins, Leather, & Furs",0.0,0.0,0.0
1995,Stone / Glass,0.0,0.0,0.0
1995,Textiles,0.0,0.0,0.0
1995,Transportation,0.0,0.0,0.0
1995,Vegetable Products,0.0,0.0,0.0
1995,Wood & Wood Products,0.0,0.0,0.0
1996,Chemicals & Allied Industries,0.0,0.0,0.0
1996,Foodstuffs,0.0,0.0,0.0
1996,Footwear / Headgear,0.0,0.0,0.0
1996,Machinery / Electrical,0.0,0.0,0.0
1996,Metals,0.0,0.0,0.0
1996,Mineral Products,0.0,0.0,0.0
1996,Miscellaneous,0.0,0.0,0.0
1996,Plastics / Rubbers,0.0,0.0,0.0
1996,"Raw Hides, Skins, Leather, & Furs",0.0,0.0,0.0
1996,Stone / Glass,0.0,0.0,0.0
1996,Textiles,0.0,0.0,0.0
1996,Transportation,0.0,0.0,0.0
1996,Vegetable Products,0.0,0.0,0.0
1996,Wood & Wood Products,0.0,0.0,0.0
1997,Chemicals & Allied Industries,0.0,0.0,0.0
1997,Foodstuffs,0.0,0.0,0.0
1997,Footwear / Headgear,0.0,0.0,0.0
1997,Machinery / Electrical,0.0,0.0,0.0
1997,Metals,0.0,0.0,0.0
1997,Mineral Products,0.0,0.0,0.0
1997,Miscellaneous,0.0,0.0,0.0
1997,Plastics / Rubbers,0.0,0.0,0.0
1997,"Raw Hides, Skins, Leather, & Furs",0.0,0.0,0.0
1997,Stone / Glass,0.0,0.0,0.0
1997,Textiles,0.0,0.0,0.0
1997,Transportation,0.0,0.0,0.0
1997,Vegetable Products,0.0,0.0,0.0
1997,Wood & Wood Products,0.0,0.0,0.0
1998,Chemicals & Allied Industries,0.0,0.0,0.0
1998,Foodstuffs,0.0,0.0,0.0
1998,Footwear / Headgear,0.0,0.0,0.0
1998,Machinery / Electrical,0.0,0.0,0.0
1998,Metals,0.0,0.0,0.0
1998,Mineral Products,0.0,0.0,0.0
1998,Miscellaneous,0.0,0.0,0.0
1998,Plastics / Rubbers,0.0,0.0,0.0
1998,"Raw Hides, Skins, Leather, & Furs",0.0,0.0,0.0
1998,Stone / Glass,0.0,0.0,0.0
1998,Textiles,0.0,0.0,0.0
1998,Transportation,0.0,0.0,0.0
1998,Vegetable Products,0.0,0.0,0.0
1998,Wood & Wood Products,0.0,0.0,0.0
1999,Chemicals & Allied Industries,0.0,0.0,0.0
1999,Foodstuffs,0.0,0.0,0.0
1999,Footwear / Headgear,0.0,0.0,0.0
1999,Machinery / Electrical,0.0,0.0,0.0
1999,Metals,0.0,0.0,0.0
1999,Mineral Products,0.0,0.0,0.0
1999,Miscellaneous,0.0,0.0,0.0
1999,Plastics / Rubbers,0.0,0.0,0.0
1999,"Raw Hides, Skins, Leather, & Furs",0.0,0.0,0.0
1999,Stone / Glass,0.0,0.0,0.0
1999,Textiles,0.0,0.0,0.0
1999,Transportation,0.0,0.0,0.0
1999,Vegetable Products,0.0,0.0,0.0
1999,Wood & Wood Products,0.0,0.0,0.0
2000,Chemicals & Allied Industries,0.0,2855.75,0.0
2000,Foodstuffs,105.0,4228.6,0.02483091330463983
2000,Footwear / Headgear,0.0,1800.0,0.0
2000,Machinery / Electrical,0.0,3817.25,0.0
2000,Metals,0.0,4513.85,0.0
2000,Mineral Products,0.0,267.5,0.0
2000,Miscellaneous,0.0,1785.0,0.0
2000,Plastics / Rubbers,0.0,3979.25,0.0
2000,"Raw Hides, Skins, Leather, & Furs",0.0,835.0,0.0
2000,Stone / Glass,0.0,2152.35,0.0
2000,Textiles,0.0,47647.75,0.0
2000,Transportation,0.0,2311.0,0.0
2000,Vegetable Products,0.0,954.9,0.0
2000,Wood & Wood Products,0.0,1889.0,0.0
2001,Chemicals & Allied Industries,179.1,9204.2,0.019458508072401726
2001,Foodstuffs,2094.2,33797.7,0.061962796284954304
2001,Footwear / Headgear,0.0,3935.1,0.0
2001,Machinery / Electrical,100.0,8593.0,0.011637379262190155
2001,Metals,0.0,11295.2,0.0
2001,Mineral Products,0.0,1270.1,0.0
2001,Miscellaneous,515.0,4664.3,0.11041313809146067
2001,Plastics / Rubbers,685.0,8175.9,0.08378282513240133
2001,"Raw Hides, Skins, Leather, & Furs",0.0,2596.0,0.0
2001,Stone / Glass,60.0,8752.7,0.006855027591486055
2001,Textiles,8309.375,72888.375,0.11400137539079448
2001,Transportation,105.0,3797.1,0.027652682310184088
2001,Vegetable Products,337.0,6050.5,0.0556978762085778
2001,Wood & Wood Products,10.0,3217.7,0.003107809926344905
2002,Chemicals & Allied Industries,179.1,8892.25,0.02014113413365571
2002,Foodstuffs,1994.2,33424.6,0.059662643681599785
2002,Footwear / Headgear,0.0,3675.2,0.0
2002,Machinery / Electrical,75.0,7981.25,0.009397024275646046
2002,Metals,0.0,10859.15,0.0
2002,Mineral Products,0.0,1128.7,0.0
2002,Miscellaneous,515.0,4461.6,0.11542944235251927
2002,Plastics / Rubbers,685.0,7852.05,0.0872383645035373
2002,"Raw Hides, Skins, Leather, & Furs",0.0,2396.0,0.0
2002,Stone / Glass,60.0,8347.65,0.007187651614526244
2002,Textiles,5563.25,65449.0,0.08500129872114165
2002,Transportation,105.0,3529.2,0.029751785107106427
2002,Vegetable Products,337.0,5959.4,0.056549317045340136
2002,Wood & Wood Products,10.0,2936.4,0.003405530581664623
2003,Chemicals & Allied Industries,179.1,59488.04,0.0030106892074440506
2003,Foodstuffs,1992.55,75847.2,0.026270580852028817
2003,Footwear / Headgear,0.0,9361.1,0.0
2003,Machinery / Electrical,50.0,68866.12,0.0007260464216656899
2003,Metals,0.0,122342.05,0.0
2003,Mineral Products,0.0,15115.95,0.0
2003,Miscellaneous,515.0,45344.3,0.011357546593507893
2003,Plastics / Rubbers,685.0,30035.65,0.022806231927725885
2003,"Raw Hides, Skins, Leather, & Furs",0.0,8118.5,0.0
2003,Stone / Glass,60.0,30238.7,0.001984212284258252
2003,Textiles,2817.125,107370.475,0.02623742700216237
2003,Transportation,105.0,26674.3,0.003936373213167731
2003,Vegetable Products,337.0,22675.062,0.014862142383557759
2003,Wood & Wood Products,10.0,19542.87,0.0005116955697909263
2004,Chemicals & Allied Industries,29050.81,173213.425,0.16771684989197577
2004,Foodstuffs,72798.51,174634.49,0.41686215592349485
2004,Footwear / Headgear,4331.4,18191.3,0.23810282937448118
2004,Machinery / Electrical,33037.4,125235.45,0.26380230198398297
2004,Metals,28329.05,115287.32,0.24572563574207465
2004,Mineral Products,3980.95,16419.5,0.24245257163738237
2004,Miscellaneous,19086.7,73811.32,0.2585877071430236
2004,Plastics / Rubbers,16051.03,60839.95,0.2638238525837053
2004,"Raw Hides, Skins, Leather, & Furs",2961.1,15528.6,0.19068686166170806
2004,Stone / Glass,11531.6,46535.06,0.24780455854145242
2004,Textiles,48128.42,188117.33,0.2558425637871854
2004,Transportation,17303.25,49750.44,0.3478009440720524
2004,Unknown,0.0,52.0,0.0
2004,Vegetable Products,4666.6,43878.65466666667,0.10635239469967342
2004,Wood & Wood Products,10750.85,40297.36,0.2667879483916564
2005,Chemicals & Allied Industries,60601.49333333333,148070.99833333332,0.40927321363032165
2005,Foodstuffs,119528.80272186147,195175.19272186147,0.6124180079186524
2005,Footwear / Headgear,10923.8,18204.3,0.6000670171333147
2005,Machinery / Electrical,55959.63333335,96735.02333335,0.5784836908604701
2005,Metals,57158.28712121212,106635.58712121213,0.5360151208830555
2005,Mineral Products,5604.5,13921.05,0.40259175852396195
2005,Miscellaneous,40873.3,68107.8,0.6001265640646152
2005,Plastics / Rubbers,31635.7,60546.68,0.5225009860160789
2005,"Raw Hides, Skins, Leather, & Furs",12730.4875,18828.6375,0.6761236706585911
2005,Stone / Glass,27908.511666666665,48465.551666666666,0.5758422365356342
2005,Textiles,75976.7,160916.23,0.47215063390436124
2005,Transportation,24312.790476177142,46073.53047617714,0.5276954082941041
2005,Unknown,52.0,52.0,1.0
2005,Vegetable Products,18272.679545454546,47778.35621212121,0.3824468021530391
2005,Wood & Wood Products,20352.575,37975.525,0.535939266145761
2006,Chemicals & Allied Industries,2710715.0433333335,2815790.1033333335,0.9626836318958533
2006,Foodstuffs,703401.8383008658,817613.8983008658,0.8603105203600977
2006,Footwear / Headgear,165999.35,174211.75,0.9528596664691101
2006,Machinery / Electrical,1885827.5750000044,1940172.8650000044,0.9719894598154789
2006,Metals,1676345.565909091,1741663.675909091,0.9624967145474248
2006,Mineral Products,529776.95,538510.475,0.9837820703487707
2006,Miscellaneous,1251276.75,1284064.19,0.9744658870986816
2006,Plastics / Rubbers,659980.375,693117.655,0.9521909739840633
2006,"Raw Hides, Skins, Leather, & Furs",260944.54166666666,267388.0916666667,0.9759018811950956
2006,Stone / Glass,896106.3066666666,927946.2366666667,0.9656877427356414
2006,Textiles,2606804.525,2722499.79,0.9575040316164726
2006,Transportation,382847.0142857077,416667.7292857077,0.9188304910054379
2006,Unknown,52.0,52.0,1.0
2006,Vegetable Products,654938.759090909,693909.9457575758,0.9438382647418031
2006,Wood & Wood Products,626289.95,644769.94,0.9713386297134138
2007,Chemicals & Allied Industries,61848.49354312354,1773170578.5868342,3.48801713100919e-05
2007,Foodstuffs,5622442.320982895,386666276.61820084,0.014540813773978447
2007,Footwear / Headgear,19046.355454545454,92653071.31021819,0.00020556636909288228
2007,Machinery / Electrical,40856.816666666666,3231641817.422646,1.2642742907458565e-05
2007,Metals,56137.003281778714,1726475003.4372492,3.2515387231216916e-05
2007,Mineral Products,2420.3688461538463,1125431186.3135405,2.1506146938063805e-06
2007,Miscellaneous,34594.86409090909,556383665.0439352,6.217807290977402e-05
2007,Plastics / Rubbers,35569.54576923077,1065040867.6149248,3.3397352956873824e-05
2007,"Raw Hides, Skins, Leather, & Furs",15509.603106060606,154376693.30538365,0.0001004659626656204
2007,Stone / Glass,38399.82272727273,319081616.30001825,0.00012034482955347413
2007,Textiles,81703.23,713901081.1578318,0.0001144461496927426
2007,Transportation,21953.914761898097,1842850475.5299804,1.1913020103046846e-05
2007,Unknown,52.0,52.0,1.0
2007,Vegetable Products,50085.81166666667,117334191.95694345,0.0004268645893521471
2007,Wood & Wood Products,17324.695454545454,871794484.0088696,1.9872453625629033e-05
2008,Chemicals & Allied Industries,2377036.6335431235,2247004357.860929,0.0010578691693352927
2008,Foodstuffs,9191619.43515159,546758808.9773495,0.016811104428922644
2008,Footwear / Headgear,151234.81545454546,113969793.52932441,0.0013269727949066852
2008,Machinery / Electrical,2552220.723333333,3845026244.9805274,0.000663771990286183
2008,Metals,2203309.9045257983,2136968802.3727963,0.001031044487911728
2008,Mineral Products,371994.24384615384,1881182730.2627962,0.00019774487499903172
2008,Miscellaneous,1073495.949090909,636755463.6653776,0.001685884158592856
2008,Plastics / Rubbers,723313.5841025641,1318695682.2414136,0.0005485068267404451
2008,"Raw Hides, Skins, Leather, & Furs",173056.69727272727,181682324.2564897,0.0009525235764180053
2008,Stone / Glass,1230177.8343939395,387222211.1466779,0.003176929935788095
2008,Textiles,2503042.45,828994838.1254536,0.003019370368650244
2008,Transportation,440952.75190476194,2488684830.6807733,0.00017718304321569738
2008,Unknown,52.0,52.0,1.0
2008,Vegetable Products,1502809.0012121212,166364994.33990017,0.009033204414035163
2008,Wood & Wood Products,661169.4354545454,1087252140.4164972,0.0006081104933040362
2009,Chemicals & Allied Industries,72538.78614801865,587191519.3754597,0.00012353513931054612
2009,Foodstuffs,5784993.465133192,191104682.81771234,0.03027133286237304
2009,Footwear / Headgear,24958.298181818183,38838179.62301885,0.0006426227599767766
2009,Machinery / Electrical,35553.138333333336,1092126916.6830866,3.255403542411742e-05
2009,Metals,129048.85465400363,543511233.5268527,0.00023743548742608987
2009,Mineral Products,1699.1307692307691,87549804.12061106,1.9407590757027843e-05
2009,Miscellaneous,28417.133636363636,307039170.9152296,9.25521442481009e-05
2009,Plastics / Rubbers,130720.58448717948,429204435.34631926,0.00030456485003866
2009,"Raw Hides, Skins, Leather, & Furs",17667.920075757575,28612680.538039844,0.0006174856652199543
2009,Stone / Glass,387911.14075757575,152019400.33235568,0.0025517212928711512
2009,Textiles,100355.35,311700824.06990796,0.00032196048983653764
2009,Transportation,25316.420714285716,232918202.89723167,0.00010869232374017519
2009,Unknown,52.0,348.0,0.14942528735632185
2009,Vegetable Products,177960.90893939394,60479648.94995541,0.002942492425619893
2009,Wood & Wood Products,19364.32318181818,286784468.4826652,6.75222172395597e-05
2010,Chemicals & Allied Industries,75988.47708624709,4334682.602705295,0.017530343983853013
2010,Foodstuffs,605111.9535023423,3117919.3784291334,0.19407556131461268
2010,Footwear / Headgear,26362.28090909091,321210.09376623377,0.08207176991230082
2010,Machinery / Electrical,56114.66166666667,4258194.923204908,0.013178039680821436
2010,Metals,107829.66678220876,3494004.485353421,0.030861341831191644
2010,Mineral Products,4672.167692307692,540052.3626923077,0.008651323492069672
2010,Miscellaneous,57881.41818181818,2086795.4860389607,0.027736986479535413
2010,Plastics / Rubbers,78188.24320512821,1507140.3981098898,0.051878539851485876
2010,"Raw Hides, Skins, Leather, & Furs",18270.69287878788,445869.1671645008,0.04097769979247525
2010,Stone / Glass,47820.31378787879,1266740.654740253,0.037750674227539034
2010,Textiles,119725.93,4289361.207777796,0.027912298405390487
2010,Transportation,41260.38452380286,1047045.4085714183,0.03940649009683186
2010,Unknown,52.0,122.0,0.4262295081967213
2010,Vegetable Products,65306.82,1310338.3333333333,0.04983966227551918
2010,Wood & Wood Products,35350.69757575758,1540096.8185281386,0.022953555354748433
2011,Chemicals & Allied Industries,1553305.3621911423,2284504393.9962387,0.0006799310022223139
2011,Foodstuffs,18192397.836582217,327855711.6752502,0.0554890373683722
2011,Footwear / Headgear,81440.37363636364,7700807.415779221,0.010575562955838825
2011,Machinery / Electrical,1137078.505,3009534395.747096,0.0003778253894047049
2011,Metals,1073785.1052437471,522642241.793961,0.0020545317989567723
2011,Mineral Products,268789.3746153846,2601609867.306282,0.00010331655717991656
2011,Miscellaneous,648375.7727272727,697999416.7526479,0.0009289058947122867
2011,Plastics / Rubbers,2769292.0919230767,813829054.3157961,0.0034027933473710654
2011,"Raw Hides, Skins, Leather, & Furs",107724.67568181817,3449079.767507216,0.031232874547194072
2011,Stone / Glass,1313905.665151515,75208167.61419913,0.017470252325406378
2011,Textiles,136373825.44000003,289022573.8777778,0.47184489297943194
2011,Transportation,176292.13166666,2009219313.1454086,8.774160715719817e-05
2011,Unknown,52.0,122.0,0.4262295081967213
2011,Vegetable Products,262390254.46772727,630652914.4727273,0.4160612730809387
2011,Wood & Wood Products,416358.7853030303,285479739.087684,0.0014584530118795832
2012,Chemicals & Allied Industries,22229781.85579006,724635097.8741966,0.03067720832320125
2012,Foodstuffs,242241095.52812755,2542851053.3955226,0.09526358030473625
2012,Footwear / Headgear,193500.12517677082,1059517.9227683952,0.1826303463288076
2012,Machinery / Electrical,37891.645,92697963.38431647,0.00040876459003640704
2012,Metals,66672.55870528567,1734728274.8851113,3.843400702608672e-05
2012,Mineral Products,3467.6115384615387,47909718775.233,7.237803992817686e-08
2012,Miscellaneous,53901.067272727276,154083140.69509697,0.0003498180724352437
2012,Plastics / Rubbers,439918027.29486126,494876963.9254258,0.8889442414239219
2012,"Raw Hides, Skins, Leather, & Furs",22938.648484848483,15147930.941089053,0.0015143090217441485
2012,Stone / Glass,2047908.9289517556,236960354.05500737,0.008642411668900356
2012,Textiles,124633.30666666667,206354158.03094193,0.0006039776850436831
2012,Transportation,22008.99166666,44417594.468228005,0.000495501657173332
2012,Unknown,112.0,182.0,0.6153846153846154
2012,Vegetable Products,68775004.26758824,1453787100.8590198,0.04730748004776641
2012,Wood & Wood Products,21495.351363636364,772383948.4364856,2.782987840069538e-05
2013,Chemicals & Allied Industries,19132600.32055671,627766392.7964264,0.0304772611915864
2013,Foodstuffs,214907302.91478807,2202780275.15538,0.0975618427941611
2013,Footwear / Headgear,97035.15446203087,709910.115651336,0.1366865358341908
2013,Machinery / Electrical,14879.415,69643786.87280692,0.00021365028623694513
2013,Metals,43447.569395531136,1438000174.5634277,3.0213883255418715e-05
2013,Mineral Products,1041.7884615384617,43683892789.05419,2.384834306249147e-08
2013,Miscellaneous,33813.461818181815,118468670.31545758,0.0002854211305667866
2013,Plastics / Rubbers,417748329.5427899,469921233.30372673,0.8889752152841843
2013,"Raw Hides, Skins, Leather, & Furs",15081.247121212122,13027485.496819941,0.001157648352392602
2013,Stone / Glass,1710405.256468894,216841756.62726212,0.007887803913196375
2013,Textiles,56054.81333333333,154698419.96424797,0.00036234897128418017
2013,Transportation,16325.55166666,51839198.54617563,0.0003149267759631364
2013,Unknown,52.0,122.0,0.4262295081967213
2013,Vegetable Products,71757328.5340324,1397303992.8290944,0.05135412830872023
2013,Wood & Wood Products,12181.130281391424,515530663.1534068,2.362833319531699e-05
2014,Chemicals & Allied Industries,17211855.9966568,586365808.5933203,0.02935344412039934
2014,Foodstuffs,215326149.60919055,2246753179.5303626,0.09583880934095308
2014,Footwear / Headgear,43005.81707609866,928717.6440549557,0.046306665272694926
2014,Machinery / Electrical,10144.095,65537117.86512938,0.00015478396564334442
2014,Metals,117449.75619040293,1798368996.1351395,6.530904193900878e-05
2014,Mineral Products,835.9653846153847,40784394375.09886,2.0497187647974198e-08
2014,Miscellaneous,30052.546363636364,144580778.90297467,0.00020785990082266772
2014,Plastics / Rubbers,379946657.172862,447623492.0517555,0.8488085722027554
2014,"Raw Hides, Skins, Leather, & Furs",13734.415757575758,13533715.557281401,0.0010148296452252815
2014,Stone / Glass,2266560.2387110163,266736386.70705858,0.008497379254073237
2014,Textiles,71583.32,168662812.10535026,0.0004244167348240796
2014,Transportation,15033.18166666,51882496.98422424,0.0002897543977351571
2014,Unknown,52.0,122.0,0.4262295081967213
2014,Vegetable Products,41747318.101433896,975769896.0350745,0.04278397834476057
2014,Wood & Wood Products,10112.689199125485,493257406.97737074,2.0501849655122212e-05
2015,Chemicals & Allied Industries,40897.15570596071,386342.32758114464,0.10585730008413576
2015,Foodstuffs,297739.1691991407,938622.8873917343,0.31720851174480175
2015,Footwear / Headgear,16575.754545454547,60522.30565735455,0.27387843812986484
2015,Machinery / Electrical,8615.15,329516.5981416195,0.02614481348917478
2015,Metals,34420.69261535606,322727.3932535543,0.10665562742705596
2015,Mineral Products,740.6673076923078,27192.240337958974,0.027238186279869486
2015,Miscellaneous,32396.42090909091,260094.55621189557,0.12455632052021103
2015,Plastics / Rubbers,62438.713461538464,288650.21644112567,0.2163127200504758
2015,"Raw Hides, Skins, Leather, & Furs",11469.072727272727,49433.07328279673,0.23201213207320642
2015,Stone / Glass,59901.36893939394,269178.0571218006,0.22253436843958319
2015,Textiles,31254.696666666667,469577.32436336944,0.06655921196586802
2015,Transportation,14543.058095231429,331655.57555051555,0.04384988273178096
2015,Unknown,52.0,122.0,0.4262295081967213
2015,Vegetable Products,193835.72458874458,495711.6993548279,0.3910251156892667
2015,Wood & Wood Products,8538.958116882546,120549.95424054388,0.07083335842537124
2016,Chemicals & Allied Industries,39022.9086680018,515550.34610109276,0.07569175147125187
2016,Foodstuffs,293834.2636480719,1052440.9910184436,0.27919310075876985
2016,Footwear / Headgear,14410.068484851672,73263.33313030207,0.19668868271694287
2016,Machinery / Electrical,7426.6159091192,417051.00792551425,0.017807452249211687
2016,Metals,21285.741737328804,395126.24980312056,0.05387073561408498
2016,Mineral Products,491.96923076923076,29023.72306541352,0.016950590028041303
2016,Miscellaneous,31964.153636384453,318742.26697077416,0.10028213057578361
2016,Plastics / Rubbers,59803.39399769105,346823.38869555347,0.1724318369145148
2016,"Raw Hides, Skins, Leather, & Furs",11534.256060604765,63434.39909093755,0.1818296732671751
2016,Stone / Glass,69671.1057576463,327089.10787911084,0.21300344181254766
2016,Textiles,22074.310000009733,677715.3395827947,0.032571654661968846
2016,Transportation,8994.655649352086,352384.0860258766,0.02552514715063376
2016,Unknown,0.0,35.0,0.0
2016,Vegetable Products,222319.4464935192,525975.1168733473,0.4226805401272487
2016,Wood & Wood Products,9137.863095247007,155349.54901763305,0.05882130429750915
2017,Chemicals & Allied Industries,35259.80568598042,401809.49355148384,0.08775254505394751
2017,Foodstuffs,290319.99832166807,994853.8207098179,0.29182176544743804
2017,Footwear / Headgear,13516.1909090902,59779.353636226755,0.22610132239535094
2017,Machinery / Electrical,5896.9863636292,337247.9510266271,0.01748561064842054
2017,Metals,18051.042470846944,308855.87921106326,0.058444872465941884
2017,Mineral Products,566.4711538461538,23946.376340253613,0.02365581939401502
2017,Miscellaneous,28353.2118181725,267880.86742367875,0.10584261612580653
2017,Plastics / Rubbers,56995.01786712523,284287.1810030235,0.20048395311401346
2017,"Raw Hides, Skins, Leather, & Furs",11849.4181818172,50177.58030302585,0.23614965309721497
2017,Stone / Glass,55000.4054545224,259312.6465145906,0.21210074477192042
2017,Textiles,12948.08181817425,479582.80817490147,0.026998636309440327
2017,Transportation,8013.137445874143,308263.79058323195,0.02599441676465915
2017,Unknown,0.0,35.0,0.0
2017,Vegetable Products,189064.5014285691,445333.41354608414,0.4245459596734353
2017,Wood & Wood Products,9952.833225099666,124615.88455585152,0.07986809434907081
2018,Chemicals & Allied Industries,34984.321794869364,707113399.9077185,4.9474839254121014e-05
2018,Foodstuffs,4141286.8819996524,268251525.57431108,0.015438073923842168
2018,Footwear / Headgear,12801.5712121212,13980980.022136722,0.0009156419072090719
2018,Machinery / Electrical,7659.2369696903,1073386464.3528318,7.135581846849747e-06
2018,Metals,16412.71638694279,285036306.2273979,5.7581143273197474e-05
2018,Mineral Products,566.723076923077,2369438281.2257695,2.3918034979577395e-07
2018,Miscellaneous,27592.7672727242,431368065.2647483,6.39657162747766e-05
2018,Plastics / Rubbers,56544.63158507732,179637875.2346463,0.0003147700979607874
2018,"Raw Hides, Skins, Leather, & Furs",11214.5530303038,27497855.795962535,0.0004078337276010595
2018,Stone / Glass,51103.72636364,145860698.39540255,0.000350359808542167
2018,Textiles,12069.419696964867,80821145.02084635,0.00014933492582729158
2018,Transportation,7986.0287878756,1177695040.2447295,6.78106684241115e-06
2018,Unknown,0.0,35.0,0.0
2018,Vegetable Products,455046.96424242394,7471255.811432858,0.060906355735549866
2018,Wood & Wood Products,11990.2700216508,46185946.51706601,0.00025960862396141036
2019,Chemicals & Allied Industries,3332591.3905011667,673069210.5933172,0.004951335372425452
2019,Foodstuffs,3615663.933772879,262251917.7892444,0.01378698758145427
2019,Footwear / Headgear,183856.3015151512,13644020.557595896,0.013475229001527322
2019,Machinery / Electrical,4324590.5884848535,976390945.2964737,0.004429158841873246
2019,Metals,2297982.055303025,213352191.01873767,0.010770838791626023
2019,Mineral Products,441578.775,222417657.0146626,0.0019853584509744635
2019,Miscellaneous,1433279.8536363612,475977617.4860821,0.0030112337239855008
2019,Plastics / Rubbers,1327205.7119696967,178396502.62777922,0.007439639748649586
2019,"Raw Hides, Skins, Leather, & Furs",200798.17878787854,24823813.05027187,0.008088933733960723
2019,Stone / Glass,967102.2260605999,128041462.08811794,0.007553039541168638
2019,Textiles,2497652.3621212062,87901345.03744236,0.02841426784831687
2019,Transportation,2099435.716666665,899542511.9320903,0.0023338927163735414
2019,Unknown,0.0,35.0,0.0
2019,Vegetable Products,1410529.202121213,12504649.594772602,0.11280037808583342
2019,Wood & Wood Products,1082166.206818178,46843946.79237123,0.023101516437432516
2020,Chemicals & Allied Industries,10896911.155011656,965075739.0693419,0.011291249705976392
2020,Foodstuffs,5213282.843996011,244795252.29536423,0.02129650307803268
2020,Footwear / Headgear,425555.6318181822,10997364.124723842,0.038696148185315124
2020,Machinery / Electrical,9399607.08727273,979115832.4739349,0.009600097123874215
2020,Metals,5634353.34666667,184528535.94871634,0.030533777974765672
2020,Mineral Products,1306898.05,396620115.2418066,0.0032950876664518793
2020,Miscellaneous,3837871.920000001,477282291.089849,0.008041094320169353
2020,Plastics / Rubbers,2950674.523939395,134591544.2912607,0.021923179048707806
2020,"Raw Hides, Skins, Leather, & Furs",521556.0363636363,20951224.368672013,0.02489382134361129
2020,Stone / Glass,2304640.9045454585,224535351.7529951,0.010264044777593543
2020,Textiles,6600646.190909099,105695828.8804169,0.062449448202700576
2020,Transportation,4290742.25909091,674386254.3002248,0.006362440265843182
2020,Unknown,0.0,35.0,0.0
2020,Vegetable Products,2541174.552727273,11395867.425072782,0.22299088414597307
2020,Wood & Wood Products,2491500.480303034,48317492.95621252,0.051565185357629044
2021,Chemicals & Allied Industries,8726069.852855477,89517691.98838769,0.0974787179945103
2021,Foodstuffs,12038278.631448539,49872124.20822477,0.24138291325203307
2021,Footwear / Headgear,358262.2954545454,4789554.195430589,0.0748007603288717
2021,Machinery / Electrical,5374718.961818178,558333406063102.6,9.626361065722672e-09
2021,Metals,3912722.4556060513,50779062.886469565,0.07705385316688511
2021,Mineral Products,893131.925,10589201.3716199,0.08434365290225582
2021,Miscellaneous,2456582.6699999967,30146246.65780201,0.08148883998347502
2021,Plastics / Rubbers,2623264.791969694,25407371.97861858,0.10324817514291863
2021,"Raw Hides, Skins, Leather, & Furs",547314.3090909088,6128559.902829734,0.0893055330728183
2021,Stone / Glass,1742441.0169696857,19678252.99170393,0.08854652990304951
2021,Textiles,4994863.739393944,59628278.98982396,0.08376669298549363
2021,Transportation,1185119.7772727257,713333353551197.1,1.6613828182473563e-09
2021,Unknown,0.0,6100.0,0.0
2021,Vegetable Products,2428466.3481818167,19397306.809280198,0.1251960579919256
2021,Wood & Wood Products,1504712.1159090812,21228939.95020313,0.07088022856716797
2022,Chemicals & Allied Industries,14887336.61029526,35647207.97768175,0.4176298076308256
2022,Foodstuffs,7269037.694703623,14175494.99728089,0.5127889852240047
2022,Footwear / Headgear,643897.7590909092,1578085.9473114938,0.40802451868219575
2022,Machinery / Electrical,12853239.536363635,31440050.542121753,0.40881739420690594
2022,Metals,7874218.920454542,20009012.727603056,0.39353360546329264
2022,Mineral Products,2041995.8,4783899.670536167,0.42684753875098275
2022,Miscellaneous,5581352.379999998,13157651.964318398,0.4241906074986478
2022,Plastics / Rubbers,3881503.9060606044,9075334.5998879,0.4276981595927658
2022,"Raw Hides, Skins, Leather, & Furs",1007321.2818181815,2259765.649487554,0.4457636047554804
2022,Stone / Glass,3988829.6378787844,9313867.152255103,0.4282678260998168
2022,Textiles,9174298.0969697,24931682.566363655,0.3679774950025682
2022,Transportation,4351137.695454544,10337587.37058895,0.4209045630737583
2022,Unknown,0.0,35.0,0.0
2022,Vegetable Products,3636799.32030303,8962580.612499977,0.40577591182062456
2022,Wood & Wood Products,4222190.060606058,9890008.06479624,0.4269147237235389
2023,Chemicals & Allied Industries,2435058.233644135,12256302.837857265,0.19867804066677658
2023,Foodstuffs,1065985.7974825276,7211811.051571864,0.1478111101163956
2023,Footwear / Headgear,131880.622727273,800784.684438504,0.16468924205230692
2023,Machinery / Electrical,2050632.9909090938,10674533.113044906,0.19210516930273042
2023,Metals,1348521.2436363702,7693832.895473273,0.17527300916943275
2023,Mineral Products,402244.0,1776359.5622725454,0.22644289396308834
2023,Miscellaneous,970551.6100000025,4861028.615150235,0.19965971954477102
2023,Plastics / Rubbers,1023125.2818181843,3548988.7351549384,0.28828642697101087
2023,"Raw Hides, Skins, Leather, & Furs",198732.95454545476,971899.3419786107,0.20447894752235404
2023,Stone / Glass,647599.0996969772,3251014.9295354895,0.19919905436715643
2023,Textiles,1951748.9636363683,9344407.715013163,0.2088681298120797
2023,Transportation,583497.213636365,133333336259404.77,4.3762290062340475e-09
2023,Unknown,0.0,35.0,0.0
2023,Vegetable Products,639126.5224242433,2980377.7753750724,0.21444480216733966
2023,Wood & Wood Products,955016.0348484912,3920832.192802108,0.24357483000718994
2024,Chemicals & Allied Industries,30903.40699300599,6358684.481762705,0.0048600315177832485
2024,Foodstuffs,235517.58668997083,4070705.1195001546,0.057856705355972884
2024,Footwear / Headgear,6840.38636363614,457004.467121211,0.01496787636831101
2024,Machinery / Electrical,22907.84545454303,5803418.443621198,0.003947302038804747
2024,Metals,25491.02681817574,4161090.758787847,0.006126044418603703
2024,Mineral Products,1442.5,917206.0777272728,0.0015727109043742306
2024,Miscellaneous,26944.869999998202,2646940.242651506,0.010179629130201616
2024,Plastics / Rubbers,185229.65757575666,2007263.9049242379,0.09227967340086653
2024,"Raw Hides, Skins, Leather, & Furs",7801.72727272725,506691.3511363635,0.015397395781929593
2024,Stone / Glass,49935.55484847665,1798569.481666625,0.027764039898088566
2024,Textiles,22886.24848484696,4931434.760148173,0.004640890450340117
2024,Transportation,31691.3318181812,666666668340226.5,4.7536997607937784e-11
2024,Unknown,0.0,35.0,0.0
2024,Vegetable Products,176884.7145454535,1658952.9707509037,0.10662430922643268
2024,Wood & Wood Products,13884.4590909014,2042112.423688749,0.006799066951378391
2025,Chemicals & Allied Industries,23945.71923076923,161673.5803018246,0.1481115169594533
2025,Foodstuffs,92651.9108974359,478147.9726386391,0.19377246417283817
2025,Footwear / Headgear,4726.45,23835.158333333333,0.19829740310095137
2025,Machinery / Electrical,21076.8,123414.30583333333,0.1707808495756033
2025,Metals,23002.8,145294.02333333335,0.1583189691652148
2025,Mineral Products,1403.9,12405.7,0.11316572220833972
2025,Miscellaneous,24867.35,112040.42833333333,0.22194979410482737
2025,Plastics / Rubbers,41036.76666666667,134321.94166666668,0.30551052313183136
2025,"Raw Hides, Skins, Leather, & Furs",5839.2,18318.5,0.3187597237765101
2025,Stone / Glass,45311.78333333333,117262.45333333334,0.3864134004132496
2025,Textiles,19569.833333333332,221871.49000333334,0.08820346108028264
2025,Transportation,29736.65,268231.70574675326,0.11086180105820671
2025,Vegetable Products,168850.75,306776.52999999997,0.5504030898321981
2025,Wood & Wood Products,11799.95,50479.877523333336,0.23375551960374122
